INSERT INTO public.biometrics (id, age, height, lifestyle, sex, weight, user_id) VALUES (1, 45.00, 221.00, 'SEDENTARY', 'MALE', 123.00, 2);
INSERT INTO public.biometrics (id, age, height, lifestyle, sex, weight, user_id) VALUES (3, 44.00, 123.00, 'SEDENTARY', 'MALE', 123.00, null);
INSERT INTO public.biometrics (id, age, height, lifestyle, sex, weight, user_id) VALUES (5, 44.00, 123.00, 'SEDENTARY', 'MALE', 123.00, null);
INSERT INTO public.consumed_foods (id, amount, name, time, total_calories, day_id) VALUES (71, 1.00, 'soup', '17:11:55', 120.00, 68);
INSERT INTO public.consumed_foods (id, amount, name, time, total_calories, day_id) VALUES (73, 1.00, 'asd', '17:12:43', 1000.00, 68);
INSERT INTO public.consumed_foods (id, amount, name, time, total_calories, day_id) VALUES (74, 1.00, 'asd', '17:12:44', 1000.00, 68);
INSERT INTO public.consumed_foods (id, amount, name, time, total_calories, day_id) VALUES (75, 1.00, 'asd', '17:12:44', 1000.00, 68);
INSERT INTO public.consumed_foods (id, amount, name, time, total_calories, day_id) VALUES (76, 1.00, 'asd', '17:12:45', 1000.00, 68);
INSERT INTO public.consumed_foods (id, amount, name, time, total_calories, day_id) VALUES (77, 1.00, 'asd', '17:12:45', 1000.00, 68);
INSERT INTO public.consumed_foods (id, amount, name, time, total_calories, day_id) VALUES (78, 1.00, 'asd', '17:12:46', 1000.00, 68);
INSERT INTO public.consumed_foods (id, amount, name, time, total_calories, day_id) VALUES (79, 1.00, 'asd', '17:12:46', 1000.00, 68);
INSERT INTO public.consumed_foods (id, amount, name, time, total_calories, day_id) VALUES (81, 10.00, 'asd', '17:13:39', 10000.00, 80);
INSERT INTO public.consumed_foods (id, amount, name, time, total_calories, day_id) VALUES (83, 1.00, 'asd', '18:51:26', 1000.00, 81);
INSERT INTO public.consumed_foods (id, amount, name, time, total_calories, day_id) VALUES (84, 1.00, 'soup', '18:51:28', 120.00, 81);
INSERT INTO public.consumed_foods (id, amount, name, time, total_calories, day_id) VALUES (86, 1.00, 'Pork', '18:51:33', 12.00, 81);
INSERT INTO public.days (id, date, calories_consumed, user_id, exceeded_calories, is_daily_norm_exceeded) VALUES (7, '2020-01-28', 0.00, 2, 0.00, false);
INSERT INTO public.days (id, date, calories_consumed, user_id, exceeded_calories, is_daily_norm_exceeded) VALUES (30, '2020-01-26', 3123.00, 11, 0.00, false);
INSERT INTO public.days (id, date, calories_consumed, user_id, exceeded_calories, is_daily_norm_exceeded) VALUES (25, '2020-01-25', 2246.00, 11, 0.00, false);
INSERT INTO public.days (id, date, calories_consumed, user_id, exceeded_calories, is_daily_norm_exceeded) VALUES (68, '2020-01-27', 7120.00, 11, 0.00, false);
INSERT INTO public.days (id, date, calories_consumed, user_id, exceeded_calories, is_daily_norm_exceeded) VALUES (80, '2020-01-28', 10000.00, 11, 0.00, false);
INSERT INTO public.days (id, date, calories_consumed, user_id, exceeded_calories, is_daily_norm_exceeded) VALUES (81, '2020-02-03', 1132.00, 11, 0.00, false);
INSERT INTO public.days (id, date, calories_consumed, user_id, exceeded_calories, is_daily_norm_exceeded) VALUES (84, '2020-02-05', 0.00, 11, 0.00, false);
INSERT INTO public.days (id, date, calories_consumed, user_id, exceeded_calories, is_daily_norm_exceeded) VALUES (85, '2020-02-08', 0.00, 11, 0.00, false);
INSERT INTO public.days (id, date, calories_consumed, user_id, exceeded_calories, is_daily_norm_exceeded) VALUES (107, '2020-02-09', 0.00, 11, 0.00, false);
INSERT INTO public.days (id, date, calories_consumed, user_id, exceeded_calories, is_daily_norm_exceeded) VALUES (118, '2020-02-10', 0.00, 11, 0.00, false);
INSERT INTO public.foods (id, calories, name, user_id) VALUES (69, 120.00, 'soup', null);
INSERT INTO public.foods (id, calories, name, user_id) VALUES (70, 120.00, 'soup', 11);
INSERT INTO public.foods (id, calories, name, user_id) VALUES (82, 12.00, 'Pork', null);
INSERT INTO public.foods (id, calories, name, user_id) VALUES (72, 1000.00, 'Well-Done Steak', 11);
INSERT INTO public.foods (id, calories, name, user_id) VALUES (90, 240.00, 'Pizza', null);
INSERT INTO public.foods (id, calories, name, user_id) VALUES (91, 180.00, 'Fish and Chips', null);
INSERT INTO public.foods (id, calories, name, user_id) VALUES (92, 40.00, 'Red wine', null);
INSERT INTO public.users (id, active, email, password, role, username, first_name, last_name, daily_norm_calories) VALUES (11, true, 'd', '$2a$08$25kwkPbNI.Nblg2CZ3y0b.a93Rtn1YNxxnYo.P5tZpM83KctZQ.pK', 'USER', 'd', 'd', 'd', 3241.00);
INSERT INTO public.users (id, active, email, password, role, username, first_name, last_name, daily_norm_calories) VALUES (2, true, 'a@a.a', '$2a$08$4DROFRW0XObzQoAmpKhoo.vqvXLRyrqL260FfMRhXjv/Z7CeSA9N6', 'ADMIN', 'admin', 'a', 'a', 2341.00);
INSERT INTO public.users (id, active, email, password, role, username, first_name, last_name, daily_norm_calories) VALUES (22, true, 'user@user.com', 'user', 'USER', 'user', 'John', 'Doe', 3214.00);